,id_hecho,fecha,año,mes,dia,rol,victima,sexo,edad,fecha_fallecimiento
0,2016-0001,2016-01-01,2016,1,1,CONDUCTOR,MOTO,MASCULINO,19,2016-01-01
1,2016-0002,2016-01-02,2016,1,2,CONDUCTOR,AUTO,MASCULINO,70,2016-01-02
2,2016-0003,2016-01-03,2016,1,3,CONDUCTOR,MOTO,MASCULINO,30,2016-01-03
3,2016-0004,2016-01-10,2016,1,10,CONDUCTOR,MOTO,MASCULINO,18,
4,2016-0005,2016-01-21,2016,1,21,CONDUCTOR,MOTO,MASCULINO,29,2016-02-01
5,2016-0008,2016-01-24,2016,1,24,CONDUCTOR,MOTO,MASCULINO,30,2016-01-24
6,2016-0009,2016-01-24,2016,1,24,PASAJERO_ACOMPAÑANTE,MOTO,MASCULINO,29,2016-01-26
7,2016-0010,2016-01-29,2016,1,29,CONDUCTOR,MOTO,MASCULINO,18,2016-01-29
8,2016-0012,2016-02-08,2016,2,8,CONDUCTOR,MOTO,MASCULINO,22,2016-02-08
9,2016-0013,2016-02-10,2016,2,10,PEATON,PEATON,MASCULINO,16,2016-02-10
10,2016-0015,2016-02-14,2016,2,14,PEATON,PEATON,FEMENINO,16,2016-02-14
11,2016-0016,2016-02-14,2016,2,14,PASAJERO_ACOMPAÑANTE,MOTO,FEMENINO,19,2016-02-14
12,2016-0017,2016-02-15,2016,2,15,PEATON,PEATON,MASCULINO,59,2016-02-16
13,2016-0019,2016-02-17,2016,2,17,PEATON,PEATON,FEMENINO,65,2016-02-17
14,2016-0020,2016-02-17,2016,2,17,PEATON,PEATON,MASCULINO,59,2016-03-02
15,2016-0021,2016-02-17,2016,2,17,CONDUCTOR,AUTO,MASCULINO,34,2016-02-17
16,2016-0022,2016-02-21,2016,2,21,PASAJERO_ACOMPAÑANTE,MOTO,MASCULINO,41,
17,2016-0025,2016-02-28,2016,2,28,PASAJERO_ACOMPAÑANTE,AUTO,MASCULINO,34,2016-02-28
18,2016-0026,2016-02-28,2016,2,28,CONDUCTOR,AUTO,MASCULINO,30,2016-03-04
19,2016-0027,2016-02-28,2016,2,28,PASAJERO_ACOMPAÑANTE,AUTO,MASCULINO,34,
20,2016-0028,2016-03-02,2016,3,2,PEATON,PEATON,MASCULINO,50,2016-03-02
21,2016-0029,2016-03-04,2016,3,4,PEATON,PEATON,MASCULINO,38,2016-03-04
22,2016-0031,2016-03-08,2016,3,8,CONDUCTOR,MOTO,MASCULINO,21,
23,2016-0034,2016-03-12,2016,3,12,PEATON,PEATON,MASCULINO,52,2016-03-12
24,2016-0035,2016-03-13,2016,3,13,CONDUCTOR,MOTO,MASCULINO,34,2016-03-13
25,2016-0036,2016-03-14,2016,3,14,PASAJERO_ACOMPAÑANTE,MOTO,MASCULINO,36,2016-03-14
26,2016-0037,2016-03-19,2016,3,19,CONDUCTOR,MOTO,MASCULINO,20,2016-03-19
27,2016-0038,2016-03-21,2016,3,21,PEATON,PEATON,MASCULINO,29,2016-03-21
28,2016-0039,2016-03-23,2016,3,23,CONDUCTOR,MOTO,MASCULINO,20,2016-03-23
29,2016-0041,2016-03-29,2016,3,29,CONDUCTOR,MOTO,MASCULINO,54,2016-03-29
30,2016-0041,2016-03-29,2016,3,29,PASAJERO_ACOMPAÑANTE,MOTO,MASCULINO,0,2016-03-30
31,2016-0043,2016-03-30,2016,3,30,PEATON,PEATON,FEMENINO,56,2016-03-30
32,2016-0044,2016-03-31,2016,3,31,CONDUCTOR,MOTO,MASCULINO,24,2016-03-31
33,2016-0045,2016-04-11,2016,4,11,CONDUCTOR,MOTO,MASCULINO,0,
34,2016-0047,2016-04-15,2016,4,15,PEATON,PEATON,MASCULINO,41,2016-04-15
35,2016-0048,2016-04-15,2016,4,15,PEATON,PEATON,FEMENINO,0,
36,2016-0050,2016-04-19,2016,4,19,PEATON,PEATON,MASCULINO,78,2016-04-19
37,2016-0051,2016-04-20,2016,4,20,CONDUCTOR,MOTO,MASCULINO,36,2016-04-20
38,2016-0053,2016-04-22,2016,4,22,PEATON,PEATON,MASCULINO,38,2016-04-22
39,2016-0054,2016-04-23,2016,4,23,CONDUCTOR,MOTO,MASCULINO,30,2016-04-25
40,2016-0055,2016-04-25,2016,4,25,PEATON,PEATON,MASCULINO,79,2016-04-28
41,2016-0056,2016-04-26,2016,4,26,CONDUCTOR,MOTO,MASCULINO,26,2016-04-26
42,2016-0058,2016-05-04,2016,5,4,PEATON,PEATON,FEMENINO,57,2016-05-08
43,2016-0059,2016-05-08,2016,5,8,PEATON,PEATON,MASCULINO,37,2016-05-26
44,2016-0064,2016-05-14,2016,5,14,PEATON,PEATON,MASCULINO,20,
45,2016-0065,2016-05-20,2016,5,20,PEATON,PEATON,MASCULINO,20,2016-05-20
46,2016-0067,2016-05-21,2016,5,21,PASAJERO_ACOMPAÑANTE,MOTO,FEMENINO,30,
47,2016-0068,2016-05-22,2016,5,22,CONDUCTOR,MOTO,MASCULINO,58,
48,2016-0069,2016-05-23,2016,5,23,CONDUCTOR,AUTO,MASCULINO,30,2016-05-23
49,2016-0073,2016-06-11,2016,6,11,CONDUCTOR,MOTO,MASCULINO,23,
50,2016-0074,2016-06-12,2016,6,12,CONDUCTOR,AUTO,MASCULINO,60,
51,2016-0075,2016-06-12,2016,6,12,PEATON,PEATON,MASCULINO,42,2016-06-12
52,2016-0076,2016-06-13,2016,6,13,PEATON,PEATON,FEMENINO,53,2016-06-13
53,2016-0077,2016-06-13,2016,6,13,PEATON,PEATON,FEMENINO,0,
54,2016-0078,2016-06-13,2016,6,13,CONDUCTOR,MOTO,MASCULINO,30,
55,2016-0079,2016-06-16,2016,6,16,CONDUCTOR,AUTO,FEMENINO,51,
56,2016-0080,2016-06-18,2016,6,18,CONDUCTOR,AUTO,MASCULINO,60,
57,2016-0081,2016-06-22,2016,6,22,CONDUCTOR,MOTO,MASCULINO,40,
58,2016-0082,2016-06-27,2016,6,27,PEATON,PEATON,MASCULINO,87,2016-07-05
59,2016-0083,2016-06-28,2016,6,28,PEATON,PEATON,FEMENINO,76,2016-06-29
60,2016-0084,2016-06-29,2016,6,29,PEATON,PEATON,MASCULINO,57,2016-07-08
61,2016-0085,2016-06-29,2016,6,29,SD,MOTO,MASCULINO,0,
62,2016-0086,2016-06-30,2016,6,30,PEATON,PEATON,MASCULINO,75,2016-07-01
63,2016-0087,2016-07-03,2016,7,3,CONDUCTOR,MOTO,MASCULINO,23,2016-07-03
64,2016-0088,2016-07-11,2016,7,11,PEATON,PEATON,FEMENINO,70,2016-07-14
65,2016-0089,2016-07-14,2016,7,14,PEATON,PEATON,MASCULINO,35,2016-07-14
66,2016-0090,2016-07-14,2016,7,14,PEATON,PEATON,MASCULINO,60,2016-07-15
67,2016-0092,2016-07-15,2016,7,15,CONDUCTOR,MOTO,MASCULINO,24,2016-07-15
68,2016-0093,2016-07-17,2016,7,17,CONDUCTOR,AUTO,MASCULINO,35,2016-07-19
69,2016-0095,2016-07-23,2016,7,23,CONDUCTOR,MOTO,MASCULINO,29,2016-07-23
70,2016-0096,2016-07-25,2016,7,25,CONDUCTOR,MOTO,MASCULINO,0,
71,2016-0097,2016-07-26,2016,7,26,PEATON,PEATON,MASCULINO,80,2016-08-12
72,2016-0098,2016-07-27,2016,7,27,CONDUCTOR,MOTO,FEMENINO,43,
73,2016-0099,2016-07-29,2016,7,29,CONDUCTOR,CARGAS,MASCULINO,45,
74,2016-0100,2016-08-03,2016,8,3,CONDUCTOR,MOTO,MASCULINO,57,2016-08-03
75,2016-0101,2016-08-07,2016,8,7,SD,SD,MASCULINO,67,
76,2016-0102,2016-08-10,2016,8,10,CONDUCTOR,MOTO,MASCULINO,29,
77,2016-0104,2016-08-14,2016,8,14,CONDUCTOR,MOTO,MASCULINO,21,2016-08-15
78,2016-0105,2016-08-17,2016,8,17,PEATON,PEATON,MASCULINO,19,2016-08-26
79,2016-0106,2016-08-19,2016,8,19,PEATON,PEATON,MASCULINO,38,
80,2016-0107,2016-08-20,2016,8,20,CONDUCTOR,MOTO,MASCULINO,21,
81,2016-0109,2016-08-24,2016,8,24,CONDUCTOR,AUTO,FEMENINO,53,2016-08-24
82,2016-0110,2016-08-24,2016,8,24,PEATON,PEATON,MASCULINO,57,
83,2016-0111,2016-08-25,2016,8,25,CONDUCTOR,MOTO,MASCULINO,27,2016-08-25
84,2016-0112,2016-08-27,2016,8,27,CONDUCTOR,MOTO,MASCULINO,24,2016-08-27
85,2016-0113,2016-08-27,2016,8,27,PEATON,PEATON,FEMENINO,60,
86,2016-0114,2016-08-31,2016,8,31,CICLISTA,BICICLETA,FEMENINO,55,2016-08-31
87,2016-0116,2016-09-02,2016,9,2,CONDUCTOR,MOTO,MASCULINO,30,2016-09-02
88,2016-0117,2016-09-03,2016,9,3,CONDUCTOR,AUTO,MASCULINO,43,
89,2016-0118,2016-09-04,2016,9,4,CONDUCTOR,AUTO,MASCULINO,27,2016-09-04
90,2016-0119,2016-09-04,2016,9,4,PASAJERO_ACOMPAÑANTE,SD,FEMENINO,0,
91,2016-0122,2016-09-13,2016,9,13,CICLISTA,BICICLETA,MASCULINO,49,2016-09-13
92,2016-0123,2016-09-14,2016,9,14,CONDUCTOR,MOTO,FEMENINO,58,
93,2016-0124,2016-09-16,2016,9,16,PEATON,PEATON,MASCULINO,67,
94,2016-0125,2016-09-17,2016,9,17,CONDUCTOR,MOTO,MASCULINO,30,
95,2016-0126,2016-09-18,2016,9,18,CONDUCTOR,AUTO,MASCULINO,37,
96,2016-0126,2016-09-18,2016,9,18,PASAJERO_ACOMPAÑANTE,AUTO,MASCULINO,60,
97,2016-0127,2016-09-24,2016,9,24,PEATON,PEATON,MASCULINO,50,
98,2016-0128,2016-10-02,2016,10,2,PEATON,PEATON,FEMENINO,81,2016-10-02
99,2016-0130,2016-10-04,2016,10,4,CONDUCTOR,MOTO,MASCULINO,29,2016-10-04
100,2016-0131,2016-10-09,2016,10,9,PEATON,PEATON,MASCULINO,35,
101,2016-0132,2016-10-10,2016,10,10,PASAJERO_ACOMPAÑANTE,AUTO,MASCULINO,30,2016-10-10
102,2016-0133,2016-10-14,2016,10,14,CONDUCTOR,MOTO,MASCULINO,41,2016-10-25
103,2016-0134,2016-10-23,2016,10,23,CONDUCTOR,MOTO,MASCULINO,25,2016-10-23
104,2016-0135,2016-10-24,2016,10,24,PEATON,PEATON,MASCULINO,29,2016-10-25
105,2016-0136,2016-10-25,2016,10,25,CONDUCTOR,MOTO,SD,0,
106,2016-0137,2016-10-25,2016,10,25,CONDUCTOR,MOTO,MASCULINO,30,
107,2016-0138,2016-10-27,2016,10,27,CICLISTA,BICICLETA,FEMENINO,33,
108,2016-0139,2016-10-28,2016,10,28,PASAJERO_ACOMPAÑANTE,MOTO,FEMENINO,35,
109,2016-0140,2016-10-31,2016,10,31,PASAJERO_ACOMPAÑANTE,PASAJEROS,MASCULINO,20,
110,2016-0142,2016-11-05,2016,11,5,CONDUCTOR,MOTO,MASCULINO,46,2016-11-05
111,2016-0143,2016-11-06,2016,11,6,CONDUCTOR,MOTO,MASCULINO,35,
112,2016-0144,2016-11-07,2016,11,7,PEATON,PEATON,MASCULINO,83,
113,2016-0145,2016-11-07,2016,11,7,CONDUCTOR,MOTO,MASCULINO,39,2016-11-07
114,2016-0146,2016-11-09,2016,11,9,PEATON,PEATON,FEMENINO,29,
115,2016-0147,2016-11-16,2016,11,16,PASAJERO_ACOMPAÑANTE,MOVIL,MASCULINO,55,2016-11-16
116,2016-0148,2016-11-16,2016,11,16,CONDUCTOR,MOTO,MASCULINO,0,
117,2016-0150,2016-11-18,2016,11,18,PASAJERO_ACOMPAÑANTE,CARGAS,MASCULINO,41,2016-11-18
118,2016-0151,2016-11-18,2016,11,18,PEATON,PEATON,SD,0,
119,2016-0152,2016-11-23,2016,11,23,CONDUCTOR,MOTO,MASCULINO,42,2016-11-24
120,2016-0153,2016-11-25,2016,11,25,PEATON,PEATON,FEMENINO,83,2016-11-25
121,2016-0154,2016-11-26,2016,11,26,CONDUCTOR,MOTO,MASCULINO,38,
122,2016-0155,2016-11-26,2016,11,26,PEATON,PEATON,FEMENINO,29,
123,2016-0156,2016-11-26,2016,11,26,CONDUCTOR,MOTO,MASCULINO,23,2016-11-30
124,2016-0157,2016-12-03,2016,12,3,CONDUCTOR,MOTO,MASCULINO,23,
125,2016-0159,2016-12-04,2016,12,4,CONDUCTOR,AUTO,MASCULINO,23,
126,2016-0160,2016-12-06,2016,12,6,CONDUCTOR,CARGAS,MASCULINO,29,2016-12-06
127,2016-0161,2016-12-06,2016,12,6,PEATON,PEATON,MASCULINO,50,2016-12-06
128,2016-0162,2016-12-07,2016,12,7,PEATON,PEATON,MASCULINO,38,2017-01-01
129,2016-0163,2016-12-10,2016,12,10,CONDUCTOR,MOTO,MASCULINO,23,
130,2016-0164,2016-12-11,2016,12,11,CONDUCTOR,AUTO,MASCULINO,29,
131,2016-0165,2016-12-12,2016,12,12,CICLISTA,BICICLETA,MASCULINO,37,
132,2016-0168,2016-12-13,2016,12,13,CONDUCTOR,MOTO,MASCULINO,43,2016-12-13
133,2016-0169,2016-12-15,2016,12,15,CONDUCTOR,MOTO,MASCULINO,24,2016-12-16
134,2016-0170,2016-12-19,2016,12,19,PASAJERO_ACOMPAÑANTE,MOTO,MASCULINO,21,2016-12-19
135,2016-0171,2016-12-25,2016,12,25,CONDUCTOR,MOTO,SD,0,
136,2016-0172,2016-12-26,2016,12,26,CONDUCTOR,MOTO,MASCULINO,38,2016-12-26
137,2016-0173,2016-12-26,2016,12,26,CONDUCTOR,MOTO,MASCULINO,35,
138,2016-0175,2016-12-27,2016,12,27,PEATON,PEATON,FEMENINO,0,
139,2016-0176,2016-12-28,2016,12,28,CONDUCTOR,MOTO,MASCULINO,28,
140,2016-0177,2016-12-29,2016,12,29,PEATON,PEATON,FEMENINO,27,
141,2016-0178,2016-12-30,2016,12,30,PEATON,PEATON,FEMENINO,7,
142,2017-0001,2017-01-02,2017,1,2,CONDUCTOR,MOTO,MASCULINO,18,2017-01-02
143,2017-0003,2017-01-05,2017,1,5,PASAJERO_ACOMPAÑANTE,CARGAS,MASCULINO,33,2017-01-05
144,2017-0007,2017-01-11,2017,1,11,PEATON,PEATON,MASCULINO,48,2017-01-11
145,2017-0008,2017-01-16,2017,1,16,CONDUCTOR,MOTO,MASCULINO,29,2017-01-16
146,2017-0009,2017-01-16,2017,1,16,CONDUCTOR,MOTO,MASCULINO,36,2017-01-16
147,2017-0010,2017-01-16,2017,1,16,CONDUCTOR,MOTO,MASCULINO,23,2017-01-16
148,2017-0011,2017-01-22,2017,1,22,PASAJERO_ACOMPAÑANTE,MOTO,FEMENINO,29,2017-01-22
149,2017-0012,2017-01-24,2017,1,24,CONDUCTOR,MOTO,MASCULINO,30,2017-01-24
150,2017-0013,2017-01-27,2017,1,27,PEATON,PEATON,MASCULINO,4,2017-01-27
151,2017-0014,2017-01-28,2017,1,28,PASAJERO_ACOMPAÑANTE,MOTO,FEMENINO,22,2017-01-28
152,2017-0015,2017-02-02,2017,2,2,PEATON,PEATON,MASCULINO,82,2017-02-21
153,2017-0016,2017-02-03,2017,2,3,CONDUCTOR,MOTO,MASCULINO,27,2017-02-04
154,2017-0017,2017-02-06,2017,2,6,CONDUCTOR,MOTO,MASCULINO,32,2017-02-06
155,2017-0018,2017-02-09,2017,2,9,CONDUCTOR,MOTO,MASCULINO,30,2017-02-09
156,2017-0021,2017-02-18,2017,2,18,CONDUCTOR,MOTO,MASCULINO,43,2017-02-18
157,2017-0024,2017-02-23,2017,2,23,PEATON,PEATON,MASCULINO,39,2017-02-23
158,2017-0025,2017-02-24,2017,2,24,CONDUCTOR,MOTO,MASCULINO,23,2017-02-24
159,2017-0026,2017-02-26,2017,2,26,PASAJERO_ACOMPAÑANTE,AUTO,FEMENINO,23,2017-02-26
160,2017-0026,2017-02-26,2017,2,26,CONDUCTOR,AUTO,MASCULINO,19,2017-02-26
161,2017-0027,2017-02-26,2017,2,26,PEATON,PEATON,MASCULINO,0,2017-02-26
162,2017-0028,2017-02-28,2017,2,28,PEATON,PEATON,MASCULINO,87,2017-02-28
163,2017-0029,2017-03-07,2017,3,7,SD,SD,MASCULINO,34,2017-03-07
164,2017-0030,2017-03-07,2017,3,7,CONDUCTOR,AUTO,FEMENINO,27,2017-03-07
165,2017-0031,2017-03-11,2017,3,11,PASAJERO_ACOMPAÑANTE,AUTO,MASCULINO,70,2017-03-11
166,2017-0032,2017-03-12,2017,3,12,PASAJERO_ACOMPAÑANTE,AUTO,FEMENINO,40,2017-03-12
167,2017-0033,2017-03-12,2017,3,12,CONDUCTOR,AUTO,MASCULINO,28,2017-03-12
168,2017-0034,2017-03-13,2017,3,13,PEATON,PEATON,MASCULINO,43,2017-03-13
169,2017-0035,2017-03-23,2017,3,23,CONDUCTOR,AUTO,MASCULINO,28,2017-03-23
170,2017-0035,2017-03-23,2017,3,23,PASAJERO_ACOMPAÑANTE,AUTO,MASCULINO,32,2017-03-23
171,2017-0035,2017-03-23,2017,3,23,PASAJERO_ACOMPAÑANTE,AUTO,MASCULINO,30,2017-03-23
172,2017-0036,2017-03-29,2017,3,29,PASAJERO_ACOMPAÑANTE,MOTO,FEMENINO,0,2017-03-29
173,2017-0036,2017-03-29,2017,3,29,CONDUCTOR,MOTO,MASCULINO,20,2017-03-29
174,2017-0037,2017-03-31,2017,3,31,CONDUCTOR,MOTO,MASCULINO,41,2017-03-31
175,2017-0038,2017-04-01,2017,4,1,CONDUCTOR,MOTO,FEMENINO,40,2017-04-01
176,2017-0040,2017-04-03,2017,4,3,CONDUCTOR,AUTO,MASCULINO,43,2017-04-03
177,2017-0041,2017-04-03,2017,4,3,CONDUCTOR,MOTO,MASCULINO,17,
178,2017-0042,2017-04-10,2017,4,10,CONDUCTOR,MOTO,MASCULINO,0,2017-04-10
179,2017-0045,2017-04-14,2017,4,14,CONDUCTOR,MOTO,MASCULINO,21,2017-04-14
180,2017-0047,2017-04-23,2017,4,23,CONDUCTOR,MOTO,MASCULINO,37,2017-04-23
181,2017-0049,2017-04-27,2017,4,27,PEATON,PEATON,MASCULINO,22,2017-04-27
182,2017-0050,2017-04-28,2017,4,28,CONDUCTOR,MOTO,MASCULINO,46,2017-04-28
183,2017-0050,2017-04-28,2017,4,28,PASAJERO_ACOMPAÑANTE,MOTO,MASCULINO,16,2017-04-28
184,2017-0051,2017-05-01,2017,5,1,CONDUCTOR,AUTO,MASCULINO,33,2017-05-01
185,2017-0052,2017-05-05,2017,5,5,PEATON,PEATON,FEMENINO,47,2017-05-05
186,2017-0053,2017-05-05,2017,5,5,CONDUCTOR,MOTO,MASCULINO,28,2017-05-05
187,2017-0054,2017-05-07,2017,5,7,PASAJERO_ACOMPAÑANTE,MOTO,FEMENINO,20,2017-05-07
188,2017-0055,2017-05-09,2017,5,9,CONDUCTOR,AUTO,MASCULINO,32,2017-05-09
189,2017-0058,2017-05-09,2017,5,9,PEATON,PEATON,MASCULINO,80,2017-05-09
190,2017-0059,2017-05-11,2017,5,11,PEATON,PEATON,FEMENINO,39,2017-05-11
191,2017-0060,2017-05-13,2017,5,13,PASAJERO_ACOMPAÑANTE,MOTO,MASCULINO,30,2017-05-13
192,2017-0061,2017-05-15,2017,5,15,PEATON,PEATON,MASCULINO,47,2017-05-16
193,2017-0062,2017-05-15,2017,5,15,CONDUCTOR,MOTO,MASCULINO,35,2017-05-15
194,2017-0063,2017-05-17,2017,5,17,PEATON,PEATON,FEMENINO,79,2017-05-17
195,2017-0064,2017-05-20,2017,5,20,PASAJERO_ACOMPAÑANTE,CARGAS,MASCULINO,61,2017-05-20
196,2017-0065,2017-05-22,2017,5,22,CICLISTA,BICICLETA,MASCULINO,21,2017-05-22
197,2017-0066,2017-05-22,2017,5,22,PEATON,PEATON,MASCULINO,10,2017-05-22
198,2017-0067,2017-05-23,2017,5,23,CONDUCTOR,MOTO,MASCULINO,21,2017-05-23
199,2017-0068,2017-05-27,2017,5,27,CONDUCTOR,MOTO,MASCULINO,32,2017-05-27
200,2017-0069,2017-05-29,2017,5,29,CONDUCTOR,MOTO,MASCULINO,39,2017-05-29
201,2017-0070,2017-05-30,2017,5,30,PEATON,PEATON,MASCULINO,80,2017-05-31
202,2017-0072,2017-06-03,2017,6,3,CONDUCTOR,AUTO,MASCULINO,25,2017-06-03
203,2017-0073,2017-06-04,2017,6,4,CONDUCTOR,MOTO,MASCULINO,19,2017-06-04
204,2017-0074,2017-06-04,2017,6,4,SD,SD,MASCULINO,70,2017-06-04
205,2017-0075,2017-06-12,2017,6,12,PEATON,PEATON,MASCULINO,55,2017-06-12
206,2017-0076,2017-06-13,2017,6,13,PEATON,PEATON,FEMENINO,30,2017-06-13
207,2017-0077,2017-06-17,2017,6,17,CONDUCTOR,MOTO,FEMENINO,60,2017-06-18
208,2017-0079,2017-06-19,2017,6,19,CONDUCTOR,MOTO,MASCULINO,33,2017-06-19
209,2017-0080,2017-06-22,2017,6,22,PEATON,PEATON,FEMENINO,95,2017-06-22
210,2017-0082,2017-06-25,2017,6,25,PEATON,PEATON,MASCULINO,36,2017-06-25
211,2017-0083,2017-07-04,2017,7,4,CONDUCTOR,MOTO,MASCULINO,37,2017-07-04
212,2017-0084,2017-07-05,2017,7,5,PEATON,PEATON,FEMENINO,73,2017-07-05
213,2017-0085,2017-07-07,2017,7,7,PEATON,PEATON,MASCULINO,84,2017-07-07
214,2017-0086,2017-07-09,2017,7,9,PEATON,PEATON,FEMENINO,30,2017-07-09
215,2017-0087,2017-07-10,2017,7,10,PEATON,PEATON,FEMENINO,73,2017-07-10
216,2017-0088,2017-07-10,2017,7,10,PEATON,PEATON,MASCULINO,43,2017-07-10
217,2017-0089,2017-07-13,2017,7,13,SD,SD,MASCULINO,23,
218,2017-0090,2017-07-15,2017,7,15,PEATON,PEATON,MASCULINO,22,2017-07-15
219,2017-0091,2017-07-15,2017,7,15,CONDUCTOR,MOTO,MASCULINO,58,2017-07-15
220,2017-0092,2017-07-24,2017,7,24,PEATON,PEATON,MASCULINO,66,2017-07-24
221,2017-0093,2017-07-25,2017,7,25,PEATON,PEATON,MASCULINO,0,2017-07-25
222,2017-0094,2017-07-27,2017,7,27,CICLISTA,BICICLETA,FEMENINO,56,2017-07-27
223,2017-0095,2017-08-06,2017,8,6,CONDUCTOR,MOTO,MASCULINO,36,2017-08-06
224,2017-0096,2017-08-07,2017,8,7,PEATON,PEATON,MASCULINO,87,2017-08-07
225,2017-0098,2017-08-08,2017,8,8,PEATON,PEATON,FEMENINO,61,2017-08-08
226,2017-0099,2017-08-17,2017,8,17,CICLISTA,BICICLETA,MASCULINO,28,2017-08-17
227,2017-0100,2017-08-21,2017,8,21,PASAJERO_ACOMPAÑANTE,MOTO,FEMENINO,16,2017-08-21
228,2017-0101,2017-08-23,2017,8,23,PEATON,PEATON,FEMENINO,61,2017-08-23
229,2017-0102,2017-08-24,2017,8,24,PEATON,PEATON,MASCULINO,46,2017-08-24
230,2017-0104,2017-08-25,2017,8,25,PEATON,PEATON,FEMENINO,18,2017-08-25
231,2017-0106,2017-08-31,2017,8,31,PEATON,PEATON,FEMENINO,85,2017-08-31
232,2017-0107,2017-09-01,2017,9,1,CONDUCTOR,MOTO,MASCULINO,41,2017-09-01
233,2017-0108,2017-09-02,2017,9,2,PASAJERO_ACOMPAÑANTE,AUTO,MASCULINO,17,2017-09-02
234,2017-0108,2017-09-02,2017,9,2,PASAJERO_ACOMPAÑANTE,AUTO,MASCULINO,10,2017-09-02
235,2017-0109,2017-09-04,2017,9,4,CONDUCTOR,MOTO,MASCULINO,21,2017-09-05
236,2017-0110,2017-09-06,2017,9,6,PEATON,PEATON,MASCULINO,56,2017-09-07
237,2017-0111,2017-09-07,2017,9,7,PEATON,PEATON,FEMENINO,79,2017-09-07
238,2017-0112,2017-09-10,2017,9,10,PASAJERO_ACOMPAÑANTE,AUTO,MASCULINO,1,
239,2017-0112,2017-09-10,2017,9,10,PASAJERO_ACOMPAÑANTE,AUTO,MASCULINO,0,2017-09-13
240,2017-0113,2017-09-11,2017,9,11,PEATON,PEATON,FEMENINO,76,2017-09-11
241,2017-0114,2017-09-15,2017,9,15,CONDUCTOR,AUTO,MASCULINO,26,2017-09-15
242,2017-0115,2017-09-19,2017,9,19,CONDUCTOR,MOTO,MASCULINO,34,
243,2017-0116,2017-09-20,2017,9,20,CONDUCTOR,MOTO,MASCULINO,22,2017-09-20
244,2017-0118,2017-09-22,2017,9,22,PASAJERO_ACOMPAÑANTE,MOTO,FEMENINO,26,2017-09-29
245,2017-0120,2017-10-02,2017,10,2,CONDUCTOR,MOTO,MASCULINO,20,2017-10-02
246,2017-0123,2017-10-10,2017,10,10,PEATON,PEATON,FEMENINO,36,2017-10-10
247,2017-0124,2017-10-12,2017,10,12,CONDUCTOR,MOTO,MASCULINO,51,2017-10-12
248,2017-0125,2017-10-13,2017,10,13,CONDUCTOR,MOTO,MASCULINO,29,2017-10-13
249,2017-0126,2017-10-14,2017,10,14,PASAJERO_ACOMPAÑANTE,AUTO,MASCULINO,39,
250,2017-0126,2017-10-14,2017,10,14,CONDUCTOR,AUTO,MASCULINO,36,2017-10-14
251,2017-0127,2017-10-16,2017,10,16,PASAJERO_ACOMPAÑANTE,MOTO,MASCULINO,24,2017-10-16
252,2017-0128,2017-10-17,2017,10,17,PEATON,PEATON,FEMENINO,60,2017-10-17
253,2017-0129,2017-10-26,2017,10,26,CONDUCTOR,MOTO,MASCULINO,57,2017-10-26
254,2017-0130,2017-10-27,2017,10,27,CONDUCTOR,AUTO,MASCULINO,23,2017-10-27
255,2017-0132,2017-10-30,2017,10,30,CONDUCTOR,MOTO,MASCULINO,23,2017-10-30
256,2017-0134,2017-11-06,2017,11,6,PEATON,PEATON,FEMENINO,47,2017-11-06
257,2017-0135,2017-11-07,2017,11,7,CONDUCTOR,MOTO,MASCULINO,24,2017-11-07
258,2017-0136,2017-11-16,2017,11,16,PEATON,PEATON,MASCULINO,55,2017-11-16
259,2017-0137,2017-11-17,2017,11,17,PEATON,PEATON,FEMENINO,60,2017-11-17
260,2017-0138,2017-11-19,2017,11,19,PASAJERO_ACOMPAÑANTE,MOTO,MASCULINO,25,2017-11-19
261,2017-0139,2017-11-19,2017,11,19,PASAJERO_ACOMPAÑANTE,AUTO,FEMENINO,15,2017-11-19
262,2017-0140,2017-11-19,2017,11,19,CONDUCTOR,MOTO,MASCULINO,24,2017-11-19
263,2017-0141,2017-11-23,2017,11,23,PEATON,PEATON,FEMENINO,22,2017-11-23
264,2017-0143,2017-11-25,2017,11,25,CONDUCTOR,AUTO,MASCULINO,50,2017-11-25
265,2017-0144,2017-11-26,2017,11,26,PASAJERO_ACOMPAÑANTE,AUTO,FEMENINO,50,2017-11-26
266,2017-0145,2017-11-26,2017,11,26,CONDUCTOR,MOTO,MASCULINO,58,2017-11-26
267,2017-0147,2017-11-28,2017,11,28,CONDUCTOR,MOTO,MASCULINO,49,2017-11-28
268,2017-0148,2017-11-29,2017,11,29,PEATON,PEATON,FEMENINO,82,2017-11-29
269,2017-0149,2017-11-30,2017,11,30,PEATON,PEATON,MASCULINO,13,2017-11-30
270,2017-0150,2017-12-04,2017,12,4,PEATON,PEATON,MASCULINO,56,2017-12-04
271,2017-0151,2017-12-04,2017,12,4,PEATON,PEATON,MASCULINO,0,2017-12-04
272,2017-0152,2017-12-06,2017,12,6,CICLISTA,BICICLETA,MASCULINO,19,2017-12-06
273,2017-0153,2017-12-11,2017,12,11,PASAJERO_ACOMPAÑANTE,MOTO,MASCULINO,0,2017-12-12
274,2017-0153,2017-12-11,2017,12,11,CONDUCTOR,MOTO,MASCULINO,30,2017-12-12
275,2017-0154,2017-12-11,2017,12,11,PEATON,PEATON,MASCULINO,76,2017-12-11
276,2017-0155,2017-12-12,2017,12,12,SD,SD,MASCULINO,77,
277,2017-0157,2017-12-17,2017,12,17,CONDUCTOR,AUTO,MASCULINO,53,2017-12-17
278,2017-0158,2017-12-18,2017,12,18,CONDUCTOR,MOTO,MASCULINO,32,2017-12-18
279,2017-0159,2017-12-20,2017,12,20,CONDUCTOR,MOTO,MASCULINO,27,2017-12-20
280,2017-0160,2017-12-22,2017,12,22,PEATON,PEATON,FEMENINO,30,2017-12-22
281,2017-0161,2017-12-26,2017,12,26,PEATON,PEATON,FEMENINO,30,2017-12-26
282,2018-0001,2018-01-01,2018,1,1,PEATON,PEATON,MASCULINO,83,2018-01-02
283,2018-0002,2018-01-03,2018,1,3,CICLISTA,BICICLETA,FEMENINO,26,2018-01-03
284,2018-0003,2018-01-05,2018,1,5,PEATON,PEATON,FEMENINO,58,2018-01-05
285,2018-0004,2018-01-09,2018,1,9,CONDUCTOR,MOTO,MASCULINO,39,2018-01-09
286,2018-0005,2018-01-09,2018,1,9,PEATON,PEATON,MASCULINO,54,2018-01-09
287,2018-0006,2018-01-10,2018,1,10,CICLISTA,BICICLETA,FEMENINO,45,2018-01-10
288,2018-0007,2018-01-11,2018,1,11,CONDUCTOR,AUTO,MASCULINO,46,2018-01-11
289,2018-0008,2018-01-12,2018,1,12,CONDUCTOR,MOTO,FEMENINO,32,2018-01-12
290,2018-0009,2018-01-14,2018,1,14,CONDUCTOR,MOTO,MASCULINO,19,2018-01-14
291,2018-0010,2018-01-18,2018,1,18,CONDUCTOR,MOTO,MASCULINO,40,2018-01-18
292,2018-0011,2018-01-19,2018,1,19,PEATON,PEATON,MASCULINO,84,2018-01-19
293,2018-0012,2018-01-26,2018,1,26,CONDUCTOR,MOTO,MASCULINO,20,2018-01-26
294,2018-0013,2018-01-28,2018,1,28,CONDUCTOR,MOTO,MASCULINO,44,2018-01-28
295,2018-0014,2018-01-31,2018,1,31,PEATON,PEATON,MASCULINO,0,2018-02-04
296,2018-0015,2018-02-06,2018,2,6,CONDUCTOR,MOTO,MASCULINO,28,2018-02-06
297,2018-0015,2018-02-06,2018,2,6,PASAJERO_ACOMPAÑANTE,MOTO,MASCULINO,19,2018-02-06
298,2018-0016,2018-02-15,2018,2,15,CONDUCTOR,MOTO,MASCULINO,31,2018-02-15
299,2018-0017,2018-02-17,2018,2,17,PEATON,PEATON,MASCULINO,35,2018-02-20
300,2018-0018,2018-02-17,2018,2,17,CONDUCTOR,MOTO,MASCULINO,26,2018-02-17
301,2018-0019,2018-02-17,2018,2,17,PEATON,PEATON,FEMENINO,80,2018-02-17
302,2018-0020,2018-02-19,2018,2,19,CONDUCTOR,MOTO,MASCULINO,26,2018-02-19
303,2018-0021,2018-02-22,2018,2,22,PEATON,PEATON,FEMENINO,62,2018-02-22
304,2018-0022,2018-02-24,2018,2,24,CONDUCTOR,MOTO,MASCULINO,28,2018-02-24
305,2018-0023,2018-02-24,2018,2,24,CONDUCTOR,MOTO,MASCULINO,28,2018-02-24
306,2018-0024,2018-02-28,2018,2,28,PEATON,PEATON,MASCULINO,70,2018-02-28
307,2018-0025,2018-03-04,2018,3,4,PEATON,PEATON,MASCULINO,70,2018-03-05
308,2018-0026,2018-03-09,2018,3,9,CONDUCTOR,MOVIL,MASCULINO,24,2018-03-09
309,2018-0026,2018-03-09,2018,3,9,PASAJERO_ACOMPAÑANTE,MOVIL,MASCULINO,30,2018-03-09
310,2018-0027,2018-03-11,2018,3,11,PEATON,PEATON,FEMENINO,74,2018-03-11
311,2018-0028,2018-03-13,2018,3,13,PEATON,PEATON,MASCULINO,71,2018-03-13
312,2018-0029,2018-03-15,2018,3,15,CONDUCTOR,MOTO,MASCULINO,26,2018-03-15
313,2018-0030,2018-03-20,2018,3,20,CONDUCTOR,MOTO,MASCULINO,24,2018-03-20
314,2018-0031,2018-03-28,2018,3,28,CONDUCTOR,MOTO,MASCULINO,31,2018-03-28
315,2018-0032,2018-04-02,2018,4,2,PEATON,PEATON,MASCULINO,70,2018-04-02
316,2018-0033,2018-04-07,2018,4,7,CONDUCTOR,MOTO,FEMENINO,42,2018-04-10
317,2018-0034,2018-04-11,2018,4,11,PEATON,PEATON,MASCULINO,24,2018-04-11
318,2018-0035,2018-04-12,2018,4,12,PEATON,PEATON,FEMENINO,39,2018-04-12
319,2018-0036,2018-04-13,2018,4,13,CONDUCTOR,MOTO,MASCULINO,37,2018-04-15
320,2018-0037,2018-04-18,2018,4,18,PEATON,PEATON,MASCULINO,84,2018-04-19
321,2018-0038,2018-04-20,2018,4,20,PEATON,PEATON,FEMENINO,59,2018-04-20
322,2018-0038,2018-04-20,2018,4,20,PEATON,PEATON,MASCULINO,61,2018-04-20
323,2018-0039,2018-04-21,2018,4,21,PEATON,PEATON,MASCULINO,37,2018-04-21
324,2018-0040,2018-04-27,2018,4,27,PEATON,PEATON,FEMENINO,0,2018-04-27
325,2018-0041,2018-04-27,2018,4,27,PEATON,PEATON,FEMENINO,78,2018-04-27
326,2018-0042,2018-04-27,2018,4,27,PASAJERO_ACOMPAÑANTE,MOTO,MASCULINO,23,2018-04-27
327,2018-0043,2018-04-28,2018,4,28,CONDUCTOR,MOTO,MASCULINO,25,2018-04-29
328,2018-0044,2018-04-28,2018,4,28,PEATON,PEATON,FEMENINO,50,2018-04-28
329,2018-0045,2018-04-30,2018,4,30,CONDUCTOR,AUTO,MASCULINO,60,2018-04-30
330,2018-0046,2018-05-02,2018,5,2,PEATON,PEATON,MASCULINO,11,2018-05-02
331,2018-0047,2018-05-08,2018,5,8,PEATON,PEATON,MASCULINO,82,2018-05-09
332,2018-0048,2018-05-09,2018,5,9,PEATON,PEATON,MASCULINO,57,2018-05-16
333,2018-0049,2018-05-11,2018,5,11,PEATON,PEATON,FEMENINO,40,2018-05-13
334,2018-0050,2018-05-14,2018,5,14,PEATON,PEATON,FEMENINO,47,2018-05-24
335,2018-0051,2018-05-15,2018,5,15,PEATON,PEATON,FEMENINO,57,2018-05-15
336,2018-0052,2018-05-18,2018,5,18,PEATON,PEATON,MASCULINO,78,2018-05-19
337,2018-0053,2018-05-20,2018,5,20,CONDUCTOR,MOTO,MASCULINO,43,2018-05-20
338,2018-0054,2018-05-22,2018,5,22,PEATON,PEATON,FEMENINO,86,2018-05-25
339,2018-0055,2018-05-29,2018,5,29,CONDUCTOR,MOTO,MASCULINO,21,2018-05-29
340,2018-0056,2018-06-02,2018,6,2,PEATON,PEATON,FEMENINO,69,2018-06-04
341,2018-0057,2018-06-03,2018,6,3,CONDUCTOR,MOTO,MASCULINO,33,2018-06-04
342,2018-0058,2018-06-03,2018,6,3,CONDUCTOR,MOTO,MASCULINO,26,2018-06-13
343,2018-0059,2018-06-08,2018,6,8,CONDUCTOR,MOTO,MASCULINO,54,2018-06-08
344,2018-0060,2018-06-08,2018,6,8,PEATON,PEATON,MASCULINO,51,2018-06-08
345,2018-0061,2018-06-10,2018,6,10,CONDUCTOR,MOTO,MASCULINO,51,2018-06-10
346,2018-0062,2018-06-14,2018,6,14,PEATON,PEATON,MASCULINO,32,2018-06-14
347,2018-0063,2018-06-16,2018,6,16,PEATON,PEATON,FEMENINO,28,2018-06-17
348,2018-0064,2018-06-25,2018,6,25,CONDUCTOR,AUTO,MASCULINO,30,2018-06-25
349,2018-0065,2018-06-26,2018,6,26,CONDUCTOR,MOTO,MASCULINO,35,2018-06-26
350,2018-0066,2018-06-28,2018,6,28,PEATON,PEATON,MASCULINO,73,2018-06-28
351,2018-0067,2018-06-29,2018,6,29,PASAJERO_ACOMPAÑANTE,PASAJEROS,FEMENINO,81,2018-07-06
352,2018-0068,2018-07-01,2018,7,1,CONDUCTOR,MOTO,MASCULINO,21,2018-07-01
353,2018-0069,2018-07-04,2018,7,4,CICLISTA,BICICLETA,MASCULINO,20,2018-07-04
354,2018-0070,2018-07-07,2018,7,7,CONDUCTOR,MOTO,MASCULINO,33,2018-07-07
355,2018-0071,2018-07-10,2018,7,10,CONDUCTOR,MOTO,MASCULINO,0,2018-07-10
356,2018-0072,2018-07-11,2018,7,11,CONDUCTOR,MOTO,MASCULINO,27,2018-07-13
357,2018-0073,2018-07-11,2018,7,11,PEATON,PEATON,FEMENINO,67,2018-07-11
358,2018-0074,2018-07-14,2018,7,14,CONDUCTOR,AUTO,MASCULINO,25,2018-07-14
359,2018-0075,2018-07-15,2018,7,15,PEATON,PEATON,MASCULINO,23,2018-07-15
360,2018-0076,2018-07-16,2018,7,16,CONDUCTOR,AUTO,MASCULINO,73,2018-07-16
361,2018-0077,2018-07-16,2018,7,16,CONDUCTOR,AUTO,MASCULINO,58,2018-07-17
362,2018-0078,2018-07-21,2018,7,21,PEATON,PEATON,MASCULINO,27,2018-07-21
363,2018-0079,2018-07-23,2018,7,23,PEATON,PEATON,MASCULINO,0,2018-07-23
364,2018-0080,2018-07-25,2018,7,25,PEATON,PEATON,MASCULINO,26,2018-07-25
365,2018-0081,2018-07-29,2018,7,29,PEATON,PEATON,MASCULINO,35,2018-07-29
366,2018-0082,2018-08-01,2018,8,1,CONDUCTOR,MOTO,FEMENINO,17,2018-08-01
367,2018-0083,2018-08-02,2018,8,2,CONDUCTOR,MOTO,MASCULINO,0,2018-08-02
368,2018-0084,2018-08-03,2018,8,3,PEATON,PEATON,MASCULINO,45,2018-08-03
369,2018-0085,2018-08-03,2018,8,3,PASAJERO_ACOMPAÑANTE,MOTO,FEMENINO,22,2018-08-03
370,2018-0085,2018-08-03,2018,8,3,CONDUCTOR,MOTO,MASCULINO,30,2018-08-03
371,2018-0086,2018-08-10,2018,8,10,PEATON,PEATON,MASCULINO,40,2018-08-10
372,2018-0087,2018-08-15,2018,8,15,PEATON,PEATON,MASCULINO,75,2018-08-20
373,2018-0088,2018-08-17,2018,8,17,CONDUCTOR,MOTO,MASCULINO,0,2018-08-17
374,2018-0089,2018-08-17,2018,8,17,PEATON,PEATON,MASCULINO,80,2018-08-17
375,2018-0090,2018-08-18,2018,8,18,CONDUCTOR,MOTO,MASCULINO,27,2018-08-18
376,2018-0091,2018-08-19,2018,8,19,PASAJERO_ACOMPAÑANTE,AUTO,FEMENINO,23,2018-08-19
377,2018-0092,2018-08-20,2018,8,20,CONDUCTOR,MOTO,MASCULINO,23,2018-08-20
378,2018-0093,2018-08-20,2018,8,20,PEATON,PEATON,MASCULINO,24,2018-08-20
379,2018-0094,2018-08-23,2018,8,23,CONDUCTOR,MOTO,MASCULINO,32,2018-08-23
380,2018-0095,2018-08-26,2018,8,26,PASAJERO_ACOMPAÑANTE,AUTO,FEMENINO,49,2018-08-26
381,2018-0096,2018-08-31,2018,8,31,PEATON,PEATON,MASCULINO,39,2018-08-31
382,2018-0097,2018-09-02,2018,9,2,CONDUCTOR,AUTO,FEMENINO,35,2018-09-02
383,2018-0098,2018-09-09,2018,9,9,CONDUCTOR,AUTO,MASCULINO,55,2018-09-09
384,2018-0098,2018-09-09,2018,9,9,PASAJERO_ACOMPAÑANTE,AUTO,MASCULINO,54,2018-09-09
385,2018-0099,2018-09-12,2018,9,12,PEATON,PEATON,MASCULINO,18,2018-09-13
386,2018-0100,2018-09-20,2018,9,20,SD,MOTO,FEMENINO,33,2018-09-20
387,2018-0101,2018-09-21,2018,9,21,CONDUCTOR,AUTO,MASCULINO,0,2018-09-21
388,2018-0102,2018-09-21,2018,9,21,CONDUCTOR,MOTO,MASCULINO,20,2018-09-21
389,2018-0103,2018-09-27,2018,9,27,PEATON,PEATON,MASCULINO,1,2018-09-29
390,2018-0104,2018-10-01,2018,10,1,CONDUCTOR,MOTO,MASCULINO,22,2018-10-01
391,2018-0105,2018-10-03,2018,10,3,PEATON,PEATON,FEMENINO,56,2018-10-03
392,2018-0106,2018-10-04,2018,10,4,CONDUCTOR,MOTO,MASCULINO,27,2018-10-04
393,2018-0107,2018-10-06,2018,10,6,PEATON,PEATON,FEMENINO,62,2018-10-06
394,2018-0108,2018-10-09,2018,10,9,CONDUCTOR,MOTO,MASCULINO,37,2018-10-10
395,2018-0109,2018-10-10,2018,10,10,PEATON,PEATON,MASCULINO,34,2018-10-10
396,2018-0110,2018-10-13,2018,10,13,PEATON,PEATON,MASCULINO,60,2018-10-14
397,2018-0111,2018-10-19,2018,10,19,CONDUCTOR,MOTO,MASCULINO,28,2018-10-19
398,2018-0112,2018-10-24,2018,10,24,CONDUCTOR,MOTO,FEMENINO,28,2018-10-24
399,2018-0113,2018-10-25,2018,10,25,CONDUCTOR,MOTO,MASCULINO,20,2018-10-25
400,2018-0114,2018-10-30,2018,10,30,CONDUCTOR,MOTO,MASCULINO,23,2018-10-30
401,2018-0115,2018-10-31,2018,10,31,PEATON,PEATON,MASCULINO,42,2018-11-01
402,2018-0116,2018-11-01,2018,11,1,PEATON,PEATON,MASCULINO,48,2018-11-08
403,2018-0117,2018-11-04,2018,11,4,CONDUCTOR,MOTO,MASCULINO,30,2018-11-08
404,2018-0118,2018-11-05,2018,11,5,PEATON,PEATON,FEMENINO,80,2018-11-05
405,2018-0119,2018-11-05,2018,11,5,PEATON,PEATON,FEMENINO,32,2018-11-06
406,2018-0120,2018-11-09,2018,11,9,PEATON,PEATON,FEMENINO,51,2018-11-20
407,2018-0121,2018-11-09,2018,11,9,PEATON,PEATON,FEMENINO,72,2018-11-09
408,2018-0122,2018-11-12,2018,11,12,CONDUCTOR,AUTO,MASCULINO,33,2018-11-12
409,2018-0123,2018-11-12,2018,11,12,CONDUCTOR,AUTO,MASCULINO,25,2018-11-12
410,2018-0124,2018-11-15,2018,11,15,CONDUCTOR,CARGAS,MASCULINO,44,2018-11-15
411,2018-0125,2018-11-16,2018,11,16,PEATON,PEATON,MASCULINO,29,2018-11-17
412,2018-0126,2018-11-18,2018,11,18,CONDUCTOR,MOTO,MASCULINO,27,2018-11-23
413,2018-0127,2018-11-19,2018,11,19,CONDUCTOR,MOTO,MASCULINO,29,2018-11-19
414,2018-0128,2018-11-25,2018,11,25,PASAJERO_ACOMPAÑANTE,AUTO,MASCULINO,49,2018-11-25
415,2018-0128,2018-11-25,2018,11,25,PASAJERO_ACOMPAÑANTE,AUTO,FEMENINO,39,2018-11-25
416,2018-0129,2018-11-28,2018,11,28,CONDUCTOR,MOTO,MASCULINO,37,2018-11-30
417,2018-0130,2018-12-03,2018,12,3,CONDUCTOR,MOTO,MASCULINO,0,2018-12-03
418,2018-0131,2018-12-07,2018,12,7,CONDUCTOR,MOTO,MASCULINO,29,2018-12-07
419,2018-0132,2018-12-12,2018,12,12,PEATON,PEATON,MASCULINO,70,2018-12-12
420,2018-0133,2018-12-12,2018,12,12,PEATON,PEATON,FEMENINO,60,2018-12-12
421,2018-0134,2018-12-12,2018,12,12,PEATON,PEATON,MASCULINO,56,2018-12-13
422,2018-0135,2018-12-18,2018,12,18,PEATON,PEATON,MASCULINO,80,2018-12-22
423,2018-0136,2018-12-18,2018,12,18,PEATON,PEATON,FEMENINO,70,2018-12-18
424,2018-0137,2018-12-18,2018,12,18,PASAJERO_ACOMPAÑANTE,MOTO,MASCULINO,29,2018-12-19
425,2018-0138,2018-12-21,2018,12,21,PASAJERO_ACOMPAÑANTE,PASAJEROS,FEMENINO,79,2018-12-21
426,2018-0139,2018-12-22,2018,12,22,PASAJERO_ACOMPAÑANTE,MOTO,MASCULINO,28,2018-12-24
427,2018-0140,2018-12-22,2018,12,22,CONDUCTOR,AUTO,MASCULINO,78,2018-12-22
428,2018-0141,2018-12-22,2018,12,22,PEATON,PEATON,MASCULINO,75,2018-12-24
429,2018-0142,2018-12-25,2018,12,25,PASAJERO_ACOMPAÑANTE,CARGAS,MASCULINO,32,2019-01-01
430,2018-0143,2018-12-29,2018,12,29,CONDUCTOR,MOTO,MASCULINO,22,2018-12-29
431,2019-0001,2019-01-08,2019,1,8,CONDUCTOR,MOTO,MASCULINO,25,2019-01-08
432,2019-0002,2019-01-09,2019,1,9,CONDUCTOR,AUTO,MASCULINO,32,2019-01-09
433,2019-0003,2019-01-12,2019,1,12,CONDUCTOR,MOTO,MASCULINO,23,2019-01-12
434,2019-0004,2019-01-14,2019,1,14,CONDUCTOR,AUTO,MASCULINO,71,2019-01-14
435,2019-0005,2019-01-19,2019,1,19,CONDUCTOR,MOTO,MASCULINO,43,2019-01-19
436,2019-0006,2019-01-23,2019,1,23,PEATON,PEATON,FEMENINO,12,2019-01-23
437,2019-0007,2019-01-26,2019,1,26,CONDUCTOR,MOTO,MASCULINO,35,2019-01-26
438,2019-0008,2019-01-30,2019,1,30,CONDUCTOR,MOTO,MASCULINO,42,2019-01-31
439,2019-0009,2019-01-31,2019,1,31,CONDUCTOR,MOTO,MASCULINO,34,2019-01-31
440,2019-0010,2019-02-02,2019,2,2,PEATON,PEATON,MASCULINO,0,2019-02-02
441,2019-0010,2019-02-02,2019,2,2,PEATON,PEATON,MASCULINO,59,2019-02-02
442,2019-0011,2019-02-10,2019,2,10,PEATON,PEATON,MASCULINO,0,2019-02-10
443,2019-0012,2019-02-17,2019,2,17,CONDUCTOR,MOTO,MASCULINO,31,2019-02-20
444,2019-0013,2019-02-20,2019,2,20,PEATON,PEATON,MASCULINO,39,2019-03-02
445,2019-0014,2019-02-20,2019,2,20,CONDUCTOR,MOTO,MASCULINO,69,2019-02-20
446,2019-0015,2019-02-23,2019,2,23,CONDUCTOR,AUTO,MASCULINO,21,2019-02-23
447,2019-0016,2019-02-24,2019,2,24,CONDUCTOR,MOTO,MASCULINO,40,2019-02-24
448,2019-0017,2019-03-03,2019,3,3,CONDUCTOR,AUTO,MASCULINO,22,2019-03-07
449,2019-0018,2019-03-03,2019,3,3,PEATON,PEATON,FEMENINO,29,2019-03-03
450,2019-0019,2019-03-06,2019,3,6,CONDUCTOR,MOTO,MASCULINO,0,
451,2019-0020,2019-03-07,2019,3,7,CONDUCTOR,MOTO,MASCULINO,43,2019-03-07
452,2019-0021,2019-03-15,2019,3,15,CONDUCTOR,MOTO,MASCULINO,23,2019-03-16
453,2019-0022,2019-03-15,2019,3,15,PASAJERO_ACOMPAÑANTE,AUTO,MASCULINO,0,2019-03-15
454,2019-0023,2019-03-16,2019,3,16,CONDUCTOR,AUTO,MASCULINO,34,2019-03-16
455,2019-0024,2019-03-19,2019,3,19,CONDUCTOR,MOTO,MASCULINO,32,2019-03-19
456,2019-0025,2019-03-22,2019,3,22,PEATON,PEATON,MASCULINO,27,2019-04-04
457,2019-0026,2019-03-28,2019,3,28,PEATON,PEATON,MASCULINO,0,2019-03-28
458,2019-0027,2019-03-28,2019,3,28,CICLISTA,BICICLETA,MASCULINO,37,2019-03-28
459,2019-0028,2019-04-06,2019,4,6,PEATON,PEATON,FEMENINO,0,2019-04-06
460,2019-0029,2019-04-07,2019,4,7,CONDUCTOR,MOTO,MASCULINO,27,2019-04-07
461,2019-0030,2019-04-09,2019,4,9,CONDUCTOR,MOTO,MASCULINO,25,2019-04-09
462,2019-0031,2019-04-12,2019,4,12,CICLISTA,BICICLETA,MASCULINO,20,2019-04-12
463,2019-0032,2019-04-16,2019,4,16,PEATON,PEATON,FEMENINO,83,2019-04-18
464,2019-0033,2019-04-18,2019,4,18,CONDUCTOR,MOTO,MASCULINO,25,2019-04-18
465,2019-0034,2019-04-21,2019,4,21,CONDUCTOR,MOTO,MASCULINO,0,2019-04-21
466,2019-0035,2019-04-23,2019,4,23,PEATON,PEATON,FEMENINO,75,2019-04-23
467,2019-0036,2019-04-26,2019,4,26,CONDUCTOR,MOTO,MASCULINO,34,2019-05-02
468,2019-0037,2019-05-01,2019,5,1,CONDUCTOR,MOTO,MASCULINO,17,2019-05-01
469,2019-0038,2019-05-04,2019,5,4,PEATON,PEATON,FEMENINO,42,2019-05-05
470,2019-0105,2019-05-05,2019,5,5,PEATON,PEATON,FEMENINO,82,2019-05-08
471,2019-0039,2019-05-09,2019,5,9,CONDUCTOR,MOTO,MASCULINO,28,2019-05-09
472,2019-0040,2019-05-09,2019,5,9,CONDUCTOR,MOTO,MASCULINO,44,2019-05-15
473,2019-0041,2019-05-11,2019,5,11,PASAJERO_ACOMPAÑANTE,AUTO,FEMENINO,78,2019-05-11
474,2019-0042,2019-05-14,2019,5,14,PEATON,PEATON,MASCULINO,39,2019-05-14
475,2019-0043,2019-05-21,2019,5,21,CICLISTA,BICICLETA,FEMENINO,0,2019-05-21
476,2019-0044,2019-05-27,2019,5,27,PEATON,PEATON,FEMENINO,77,2019-05-29
477,2019-0045,2019-06-03,2019,6,3,CONDUCTOR,MOTO,MASCULINO,33,2019-06-03
478,2019-0046,2019-06-04,2019,6,4,PASAJERO_ACOMPAÑANTE,MOTO,FEMENINO,26,2019-06-04
479,2019-0047,2019-06-06,2019,6,6,PEATON,PEATON,MASCULINO,76,2019-06-06
480,2019-0048,2019-06-07,2019,6,7,CONDUCTOR,MOTO,MASCULINO,32,2019-06-07
481,2019-0049,2019-06-08,2019,6,8,PEATON,PEATON,FEMENINO,72,2019-06-09
482,2019-0050,2019-06-08,2019,6,8,CONDUCTOR,MOTO,MASCULINO,21,2019-06-09
483,2019-0051,2019-06-11,2019,6,11,CONDUCTOR,MOTO,MASCULINO,41,2019-06-11
484,2019-0053,2019-06-14,2019,6,14,PASAJERO_ACOMPAÑANTE,AUTO,MASCULINO,49,2019-06-14
485,2019-0054,2019-06-20,2019,6,20,CONDUCTOR,MOTO,MASCULINO,21,2019-06-20
486,2019-0055,2019-06-20,2019,6,20,CONDUCTOR,MOTO,MASCULINO,47,2019-06-21
487,2019-0056,2019-06-29,2019,6,29,PEATON,PEATON,FEMENINO,75,2019-06-29
488,2019-0057,2019-07-05,2019,7,5,PEATON,PEATON,FEMENINO,63,2019-07-08
489,2019-0058,2019-07-10,2019,7,10,CONDUCTOR,MOTO,MASCULINO,39,2019-07-10
490,2019-0059,2019-07-13,2019,7,13,CONDUCTOR,MOTO,MASCULINO,30,2019-07-13
491,2019-0060,2019-07-17,2019,7,17,PEATON,PEATON,FEMENINO,78,2019-07-17
492,2019-0061,2019-07-17,2019,7,17,PEATON,PEATON,FEMENINO,58,2019-07-17
493,2019-0062,2019-08-01,2019,8,1,PEATON,PEATON,FEMENINO,60,2019-08-02
494,2019-0063,2019-08-04,2019,8,4,PASAJERO_ACOMPAÑANTE,MOTO,MASCULINO,0,2019-08-04
495,2019-0064,2019-08-06,2019,8,6,CONDUCTOR,MOTO,MASCULINO,20,2019-08-06
496,2019-0065,2019-08-08,2019,8,8,PEATON,PEATON,FEMENINO,55,2019-08-09
497,2019-0066,2019-08-11,2019,8,11,PEATON,PEATON,MASCULINO,40,2019-08-11
498,2019-0067,2019-08-14,2019,8,14,CONDUCTOR,MOTO,MASCULINO,35,2019-08-14
499,2019-0068,2019-08-14,2019,8,14,CONDUCTOR,MOTO,MASCULINO,53,2019-08-14
500,2019-0069,2019-08-17,2019,8,17,CONDUCTOR,MOTO,MASCULINO,43,2019-08-17
501,2019-0070,2019-08-22,2019,8,22,CONDUCTOR,MOTO,MASCULINO,25,2019-08-22
502,2019-0071,2019-08-27,2019,8,27,PEATON,PEATON,MASCULINO,0,2019-08-27
503,2019-0072,2019-08-28,2019,8,28,CONDUCTOR,AUTO,MASCULINO,22,2019-09-02
504,2019-0073,2019-08-29,2019,8,29,CONDUCTOR,AUTO,MASCULINO,29,2019-09-06
505,2019-0074,2019-08-29,2019,8,29,CONDUCTOR,MOTO,MASCULINO,35,2019-08-29
506,2019-0075,2019-08-30,2019,8,30,CONDUCTOR,MOTO,MASCULINO,31,2019-08-30
507,2019-0076,2019-09-05,2019,9,5,CONDUCTOR,MOTO,FEMENINO,29,2019-09-05
508,2019-0077,2019-09-08,2019,9,8,PEATON,PEATON,FEMENINO,28,2019-09-08
509,2019-0078,2019-09-12,2019,9,12,PEATON,PEATON,FEMENINO,72,2019-09-15
510,2019-0079,2019-09-17,2019,9,17,CONDUCTOR,MOTO,MASCULINO,57,2019-09-17
511,2019-0080,2019-09-17,2019,9,17,PEATON,PEATON,MASCULINO,76,2019-09-17
512,2019-0081,2019-09-23,2019,9,23,PEATON,PEATON,MASCULINO,67,2019-10-07
513,2019-0082,2019-09-25,2019,9,25,CICLISTA,BICICLETA,MASCULINO,47,2019-09-25
514,2019-0083,2019-09-26,2019,9,26,CONDUCTOR,AUTO,MASCULINO,73,2019-09-26
515,2019-0084,2019-09-27,2019,9,27,CICLISTA,BICICLETA,FEMENINO,40,2019-09-27
516,2019-0085,2019-10-09,2019,10,9,CICLISTA,BICICLETA,MASCULINO,20,2019-10-09
517,2019-0086,2019-10-15,2019,10,15,CONDUCTOR,MOTO,MASCULINO,29,2019-10-15
518,2019-0087,2019-10-21,2019,10,21,CONDUCTOR,MOTO,MASCULINO,41,2019-10-21
519,2019-0088,2019-10-22,2019,10,22,PEATON,PEATON,MASCULINO,27,2019-10-22
520,2019-0089,2019-10-23,2019,10,23,PEATON,PEATON,FEMENINO,92,2019-10-23
521,2019-0090,2019-10-24,2019,10,24,PEATON,PEATON,MASCULINO,67,2019-10-26
522,2019-0091,2019-11-01,2019,11,1,PEATON,PEATON,MASCULINO,35,2019-11-01
523,2019-0092,2019-11-03,2019,11,3,PEATON,PEATON,MASCULINO,37,2019-11-03
524,2019-0093,2019-11-13,2019,11,13,CICLISTA,BICICLETA,MASCULINO,16,2019-11-13
525,2019-0094,2019-11-18,2019,11,18,PASAJERO_ACOMPAÑANTE,MOTO,FEMENINO,0,2019-11-18
526,2019-0095,2019-11-20,2019,11,20,CONDUCTOR,MOTO,MASCULINO,0,2019-11-20
527,2019-0096,2019-11-22,2019,11,22,PEATON,PEATON,MASCULINO,73,2019-11-22
528,2019-0097,2019-11-25,2019,11,25,PASAJERO_ACOMPAÑANTE,MOTO,FEMENINO,23,2019-11-25
529,2019-0098,2019-11-25,2019,11,25,PASAJERO_ACOMPAÑANTE,PASAJEROS,FEMENINO,61,2019-11-29
530,2019-0100,2019-12-05,2019,12,5,CONDUCTOR,MOTO,MASCULINO,38,2019-12-18
531,2019-0101,2019-12-17,2019,12,17,CONDUCTOR,MOTO,MASCULINO,25,2019-12-17
532,2019-0102,2019-12-17,2019,12,17,CONDUCTOR,MOTO,MASCULINO,18,2019-12-18
533,2019-0103,2019-12-18,2019,12,18,CONDUCTOR,MOTO,MASCULINO,24,2019-12-18
534,2019-0104,2019-12-21,2019,12,21,PASAJERO_ACOMPAÑANTE,MOTO,FEMENINO,23,2019-12-22
535,2020-0001,2020-01-04,2020,1,4,PEATON,PEATON,FEMENINO,87,2020-01-04
536,2020-0002,2020-01-05,2020,1,5,CONDUCTOR,MOTO,MASCULINO,36,2020-01-07
537,2020-0003,2020-01-11,2020,1,11,PEATON,PEATON,MASCULINO,44,2020-01-11
538,2020-0004,2020-01-14,2020,1,14,PEATON,PEATON,MASCULINO,82,2020-01-15
539,2020-0005,2020-01-14,2020,1,14,CONDUCTOR,MOTO,MASCULINO,25,2020-02-10
540,2020-0006,2020-01-20,2020,1,20,CONDUCTOR,MOTO,MASCULINO,23,2020-01-20
541,2020-0007,2020-01-27,2020,1,27,PEATON,PEATON,MASCULINO,52,2020-01-27
542,2020-0008,2020-01-30,2020,1,30,CONDUCTOR,MOTO,MASCULINO,49,2020-01-30
543,2020-0009,2020-02-04,2020,2,4,PEATON,PEATON,MASCULINO,48,2020-02-05
544,2020-0010,2020-02-08,2020,2,8,CONDUCTOR,MOTO,MASCULINO,0,2020-02-08
545,2020-0011,2020-02-12,2020,2,12,CONDUCTOR,MOTO,MASCULINO,31,2020-02-12
546,2020-0012,2020-02-18,2020,2,18,PEATON,PEATON,FEMENINO,66,2020-02-18
547,2020-0013,2020-02-20,2020,2,20,PEATON,PEATON,FEMENINO,58,2020-03-03
548,2020-0014,2020-02-27,2020,2,27,CONDUCTOR,MOTO,MASCULINO,0,2020-02-27
549,2020-0015,2020-02-28,2020,2,28,CONDUCTOR,MOTO,MASCULINO,29,2020-02-28
550,2020-0016,2020-02-29,2020,2,29,PEATON,PEATON,MASCULINO,68,2020-03-09
551,2020-0017,2020-03-05,2020,3,5,PEATON,PEATON,MASCULINO,0,2020-03-05
552,2020-0018,2020-03-09,2020,3,9,CONDUCTOR,MOTO,MASCULINO,31,2020-03-09
553,2020-0019,2020-03-10,2020,3,10,PEATON,PEATON,FEMENINO,80,2020-03-10
554,2020-0020,2020-03-13,2020,3,13,PEATON,PEATON,FEMENINO,74,2020-03-17
555,2020-0021,2020-03-14,2020,3,14,PEATON,PEATON,FEMENINO,87,2020-03-14
556,2020-0022,2020-04-07,2020,4,7,PASAJERO_ACOMPAÑANTE,AUTO,MASCULINO,44,2020-04-07
557,2020-0023,2020-04-09,2020,4,9,CONDUCTOR,AUTO,MASCULINO,44,2020-05-03
558,2020-0024,2020-04-24,2020,4,24,CONDUCTOR,AUTO,MASCULINO,53,2020-04-24
559,2020-0025,2020-05-12,2020,5,12,PEATON,PEATON,MASCULINO,0,2020-05-12
560,2020-0026,2020-05-17,2020,5,17,CONDUCTOR,MOTO,MASCULINO,28,2020-05-17
561,2020-0027,2020-05-18,2020,5,18,PEATON,PEATON,MASCULINO,76,2020-05-18
562,2020-0028,2020-05-19,2020,5,19,PEATON,PEATON,MASCULINO,91,2020-05-23
563,2020-0029,2020-06-10,2020,6,10,PEATON,PEATON,MASCULINO,80,2020-06-12
564,2020-0030,2020-06-16,2020,6,16,CONDUCTOR,MOTO,MASCULINO,40,2020-06-16
565,2020-0031,2020-06-30,2020,6,30,CONDUCTOR,MOTO,MASCULINO,29,2020-06-30
566,2020-0032,2020-07-10,2020,7,10,CONDUCTOR,MOTO,MASCULINO,21,2020-07-10
567,2020-0033,2020-07-19,2020,7,19,CONDUCTOR,AUTO,MASCULINO,32,2020-07-19
568,2020-0034,2020-08-02,2020,8,2,PEATON,PEATON,FEMENINO,0,2020-08-02
569,2020-0035,2020-08-04,2020,8,4,CONDUCTOR,MOTO,MASCULINO,40,2020-08-04
570,2020-0036,2020-08-07,2020,8,7,PEATON,PEATON,MASCULINO,72,2020-08-22
571,2020-0037,2020-08-29,2020,8,29,PEATON,PEATON,MASCULINO,38,2020-08-29
572,2020-0038,2020-08-30,2020,8,30,CONDUCTOR,AUTO,MASCULINO,46,2020-08-30
573,2020-0038,2020-08-30,2020,8,30,CONDUCTOR,AUTO,MASCULINO,64,2020-08-30
574,2020-0039,2020-09-01,2020,9,1,PEATON,PEATON,MASCULINO,44,2020-09-01
575,2020-0040,2020-09-12,2020,9,12,CONDUCTOR,AUTO,MASCULINO,0,2020-09-12
576,2020-0041,2020-09-28,2020,9,28,CONDUCTOR,MOTO,MASCULINO,34,2020-09-28
577,2020-0042,2020-09-29,2020,9,29,PEATON,PEATON,FEMENINO,53,2020-09-29
578,2020-0043,2020-09-30,2020,9,30,PEATON,PEATON,MASCULINO,64,2020-09-30
579,2020-0044,2020-10-05,2020,10,5,CONDUCTOR,AUTO,MASCULINO,43,2020-10-05
580,2020-0045,2020-10-19,2020,10,19,CONDUCTOR,AUTO,MASCULINO,50,2020-10-19
581,2020-0046,2020-10-27,2020,10,27,CONDUCTOR,MOTO,MASCULINO,41,2020-10-27
582,2020-0047,2020-10-27,2020,10,27,PEATON,PEATON,MASCULINO,15,2020-10-27
583,2020-0048,2020-10-29,2020,10,29,CONDUCTOR,MOTO,MASCULINO,41,2020-10-29
584,2020-0049,2020-10-30,2020,10,30,PEATON,PEATON,MASCULINO,36,2020-10-30
585,2020-0050,2020-11-01,2020,11,1,PEATON,PEATON,FEMENINO,28,2020-11-01
586,2020-0051,2020-11-05,2020,11,5,CONDUCTOR,MOTO,MASCULINO,49,2020-11-05
587,2020-0052,2020-11-07,2020,11,7,CICLISTA,BICICLETA,MASCULINO,44,2020-11-07
588,2020-0053,2020-11-09,2020,11,9,PASAJERO_ACOMPAÑANTE,AUTO,MASCULINO,27,2020-11-09
589,2020-0054,2020-11-19,2020,11,19,CICLISTA,BICICLETA,MASCULINO,59,2020-11-23
590,2020-0055,2020-11-19,2020,11,19,PEATON,PEATON,MASCULINO,91,2020-12-11
591,2020-0056,2020-11-21,2020,11,21,CONDUCTOR,MOTO,FEMENINO,34,2020-11-21
592,2020-0057,2020-11-23,2020,11,23,PEATON,PEATON,MASCULINO,84,2020-11-23
593,2020-0058,2020-11-24,2020,11,24,PEATON,PEATON,MASCULINO,57,2020-11-25
594,2020-0059,2020-12-01,2020,12,1,PEATON,PEATON,FEMENINO,49,2020-12-14
595,2020-0060,2020-12-03,2020,12,3,PEATON,PEATON,FEMENINO,69,2020-12-03
596,2020-0061,2020-12-03,2020,12,3,CONDUCTOR,MOTO,MASCULINO,45,2020-12-04
597,2020-0062,2020-12-04,2020,12,4,CICLISTA,BICICLETA,MASCULINO,47,2020-12-04
598,2020-0063,2020-12-05,2020,12,5,PEATON,PEATON,MASCULINO,38,2020-12-05
599,2020-0063,2020-12-05,2020,12,5,PASAJERO_ACOMPAÑANTE,MOTO,MASCULINO,21,2020-12-05
600,2020-0065,2020-12-05,2020,12,5,CONDUCTOR,MOTO,MASCULINO,24,2020-12-06
601,2020-0066,2020-12-07,2020,12,7,CONDUCTOR,MOTO,MASCULINO,27,2020-12-07
602,2020-0067,2020-12-11,2020,12,11,PEATON,PEATON,MASCULINO,51,2020-12-11
603,2020-0068,2020-12-12,2020,12,12,CONDUCTOR,MOTO,MASCULINO,71,2020-12-20
604,2020-0069,2020-12-15,2020,12,15,PASAJERO_ACOMPAÑANTE,MOTO,MASCULINO,25,2020-12-15
605,2020-0070,2020-12-17,2020,12,17,PEATON,PEATON,FEMENINO,81,2020-12-22
606,2020-0071,2020-12-17,2020,12,17,PEATON,PEATON,MASCULINO,4,2020-12-17
607,2020-0072,2020-12-19,2020,12,19,CICLISTA,BICICLETA,MASCULINO,42,2020-12-19
608,2020-0073,2020-12-20,2020,12,20,CONDUCTOR,MOTO,MASCULINO,56,2020-12-20
609,2020-0074,2020-12-20,2020,12,20,CONDUCTOR,AUTO,MASCULINO,39,2020-12-20
610,2020-0075,2020-12-23,2020,12,23,PEATON,PEATON,MASCULINO,23,2020-12-23
611,2020-0076,2020-12-24,2020,12,24,CONDUCTOR,AUTO,FEMENINO,78,2021-01-17
612,2020-0077,2020-12-25,2020,12,25,CONDUCTOR,MOTO,FEMENINO,30,2020-12-25
613,2020-0077,2020-12-25,2020,12,25,PASAJERO_ACOMPAÑANTE,MOTO,FEMENINO,24,2020-12-25
614,2020-0078,2020-12-25,2020,12,25,CICLISTA,BICICLETA,MASCULINO,26,2020-12-25
615,2020-0079,2020-12-27,2020,12,27,CONDUCTOR,MOTO,MASCULINO,28,2020-12-27
616,2021-0001,2021-01-06,2021,1,6,CONDUCTOR,MOTO,MASCULINO,36,2021-01-06
617,2021-0002,2021-01-07,2021,1,7,CONDUCTOR,MOTO,FEMENINO,47,2021-01-07
618,2021-0003,2021-01-10,2021,1,10,CONDUCTOR,MOTO,MASCULINO,27,2021-01-10
619,2021-0004,2021-01-11,2021,1,11,PEATON,PEATON,FEMENINO,61,2021-01-11
620,2021-0005,2021-01-11,2021,1,11,PEATON,PEATON,MASCULINO,73,2021-01-14
621,2021-0006,2021-01-12,2021,1,12,PASAJERO_ACOMPAÑANTE,MOTO,FEMENINO,23,2021-01-12
622,2021-0007,2021-01-18,2021,1,18,CONDUCTOR,MOTO,MASCULINO,84,2021-01-26
623,2021-0008,2021-01-22,2021,1,22,PEATON,PEATON,MASCULINO,28,2021-01-22
624,2021-0009,2021-01-23,2021,1,23,CONDUCTOR,MOTO,MASCULINO,31,2021-01-23
625,2021-0010,2021-01-23,2021,1,23,CONDUCTOR,MOTO,MASCULINO,28,2021-01-23
626,2021-0011,2021-01-27,2021,1,27,PEATON,PEATON,MASCULINO,21,2021-01-27
627,2021-0012,2021-01-29,2021,1,29,PEATON,PEATON,MASCULINO,0,2021-01-29
628,2021-0013,2021-01-31,2021,1,31,CONDUCTOR,MOTO,MASCULINO,41,2021-01-31
629,2021-0014,2021-02-02,2021,2,2,PEATON,PEATON,MASCULINO,28,2021-02-18
630,2021-0015,2021-02-06,2021,2,6,CONDUCTOR,MOTO,MASCULINO,26,2021-02-06
631,2021-0016,2021-02-14,2021,2,14,CONDUCTOR,AUTO,MASCULINO,22,2021-02-14
632,2021-0017,2021-02-17,2021,2,17,CONDUCTOR,MOTO,MASCULINO,33,2021-02-17
633,2021-0018,2021-02-20,2021,2,20,PEATON,PEATON,MASCULINO,36,2021-03-08
634,2021-0019,2021-02-21,2021,2,21,CONDUCTOR,MOTO,MASCULINO,30,2021-02-21
635,2021-0020,2021-02-21,2021,2,21,PEATON,PEATON,FEMENINO,0,2021-02-21
636,2021-0021,2021-02-26,2021,2,26,CONDUCTOR,MOTO,MASCULINO,39,2021-03-04
637,2021-0022,2021-02-28,2021,2,28,PASAJERO_ACOMPAÑANTE,PASAJEROS,MASCULINO,68,2021-03-06
638,2021-0023,2021-03-01,2021,3,1,CONDUCTOR,MOTO,MASCULINO,24,2021-03-01
639,2021-0024,2021-03-03,2021,3,3,CICLISTA,BICICLETA,MASCULINO,5,2021-03-03
640,2021-0025,2021-03-11,2021,3,11,CONDUCTOR,MOTO,MASCULINO,37,2021-03-11
641,2021-0026,2021-03-15,2021,3,15,CONDUCTOR,MOTO,MASCULINO,36,2021-03-15
642,2021-0027,2021-03-16,2021,3,16,CONDUCTOR,MOTO,FEMENINO,19,2021-03-16
643,2021-0028,2021-03-29,2021,3,29,PEATON,PEATON,MASCULINO,0,2021-03-29
644,2021-0029,2021-03-31,2021,3,31,CONDUCTOR,AUTO,MASCULINO,26,2021-04-02
645,2021-0030,2021-04-03,2021,4,3,PEATON,PEATON,MASCULINO,36,2021-04-07
646,2021-0031,2021-04-07,2021,4,7,PEATON,PEATON,FEMENINO,68,2021-04-11
647,2021-0032,2021-04-10,2021,4,10,PEATON,PEATON,MASCULINO,60,2021-04-29
648,2021-0033,2021-04-14,2021,4,14,CONDUCTOR,AUTO,MASCULINO,33,2021-04-14
649,2021-0034,2021-04-19,2021,4,19,PASAJERO_ACOMPAÑANTE,MOTO,FEMENINO,26,2021-04-19
650,2021-0035,2021-05-03,2021,5,3,CONDUCTOR,MOTO,MASCULINO,24,2021-05-03
651,2021-0036,2021-05-09,2021,5,9,CONDUCTOR,MOTO,MASCULINO,36,2021-05-09
652,2021-0037,2021-05-11,2021,5,11,PEATON,PEATON,FEMENINO,58,2021-05-11
653,2021-0038,2021-05-14,2021,5,14,CONDUCTOR,MOTO,FEMENINO,44,2021-05-14
654,2021-0039,2021-05-15,2021,5,15,CICLISTA,BICICLETA,MASCULINO,86,2021-06-05
655,2021-0040,2021-05-20,2021,5,20,CONDUCTOR,MOTO,MASCULINO,27,2021-05-20
656,2021-0041,2021-05-20,2021,5,20,PEATON,PEATON,MASCULINO,75,2021-05-20
657,2021-0042,2021-05-21,2021,5,21,PEATON,PEATON,MASCULINO,39,2021-05-21
658,2021-0043,2021-05-22,2021,5,22,PEATON,PEATON,MASCULINO,50,2021-05-22
659,2021-0044,2021-05-25,2021,5,25,PASAJERO_ACOMPAÑANTE,MOTO,MASCULINO,21,2021-05-25
660,2021-0045,2021-05-26,2021,5,26,CONDUCTOR,MOTO,MASCULINO,22,2021-05-26
661,2021-0046,2021-05-31,2021,5,31,PASAJERO_ACOMPAÑANTE,AUTO,MASCULINO,20,2021-05-31
662,2021-0047,2021-06-02,2021,6,2,CONDUCTOR,MOTO,MASCULINO,59,2021-06-02
663,2021-0048,2021-06-03,2021,6,3,CICLISTA,BICICLETA,MASCULINO,44,2021-06-23
664,2021-0049,2021-06-03,2021,6,3,CONDUCTOR,AUTO,MASCULINO,74,2021-06-03
665,2021-0050,2021-06-10,2021,6,10,CONDUCTOR,MOTO,MASCULINO,56,2021-06-10
666,2021-0051,2021-06-15,2021,6,15,PEATON,PEATON,MASCULINO,73,2021-06-16
667,2021-0052,2021-06-20,2021,6,20,PASAJERO_ACOMPAÑANTE,MOTO,FEMENINO,19,2021-06-20
668,2021-0053,2021-06-20,2021,6,20,PEATON,PEATON,MASCULINO,58,2021-06-30
669,2021-0054,2021-06-22,2021,6,22,CONDUCTOR,MOTO,MASCULINO,41,2021-06-22
670,2021-0055,2021-06-29,2021,6,29,PASAJERO_ACOMPAÑANTE,MOTO,MASCULINO,47,2021-06-29
671,2021-0056,2021-07-09,2021,7,9,CICLISTA,BICICLETA,MASCULINO,60,2021-07-09
672,2021-0057,2021-07-10,2021,7,10,CONDUCTOR,AUTO,MASCULINO,46,2021-07-10
673,2021-0058,2021-07-21,2021,7,21,PEATON,PEATON,MASCULINO,24,2021-07-21
674,2021-0059,2021-07-22,2021,7,22,PASAJERO_ACOMPAÑANTE,AUTO,FEMENINO,44,2021-07-22
675,2021-0060,2021-07-22,2021,7,22,PEATON,PEATON,FEMENINO,80,2021-07-22
676,2021-0061,2021-07-24,2021,7,24,PEATON,PEATON,FEMENINO,55,2021-07-24
677,2021-0062,2021-07-27,2021,7,27,CONDUCTOR,AUTO,MASCULINO,73,2021-07-27
678,2021-0063,2021-08-02,2021,8,2,PASAJERO_ACOMPAÑANTE,AUTO,FEMENINO,31,2021-08-02
679,2021-0064,2021-08-02,2021,8,2,PEATON,PEATON,MASCULINO,37,2021-08-03
680,2021-0065,2021-08-06,2021,8,6,PEATON,PEATON,FEMENINO,63,2021-08-10
681,2021-0066,2021-08-06,2021,8,6,PEATON,PEATON,MASCULINO,59,2021-08-09
682,2021-0067,2021-08-08,2021,8,8,CONDUCTOR,MOTO,MASCULINO,27,2021-08-08
683,2021-0068,2021-08-15,2021,8,15,CONDUCTOR,MOTO,MASCULINO,39,2021-08-15
684,2021-0069,2021-08-20,2021,8,20,PEATON,PEATON,MASCULINO,17,2021-08-21
685,2021-0070,2021-08-28,2021,8,28,CONDUCTOR,MOTO,MASCULINO,31,2021-08-28
686,2021-0071,2021-08-31,2021,8,31,PEATON,PEATON,MASCULINO,88,2021-09-01
687,2021-0072,2021-09-01,2021,9,1,PEATON,PEATON,FEMENINO,57,2021-09-01
688,2021-0073,2021-09-18,2021,9,18,CICLISTA,BICICLETA,FEMENINO,76,2021-09-18
689,2021-0074,2021-09-20,2021,9,20,CONDUCTOR,MOTO,MASCULINO,55,2021-09-20
690,2021-0075,2021-09-21,2021,9,21,PEATON,PEATON,MASCULINO,65,2021-09-21
691,2021-0076,2021-10-16,2021,10,16,CONDUCTOR,MOTO,MASCULINO,31,2021-10-16
692,2021-0077,2021-10-18,2021,10,18,CONDUCTOR,MOTO,FEMENINO,31,2021-10-18
693,2021-0078,2021-10-23,2021,10,23,CONDUCTOR,MOTO,MASCULINO,22,2021-10-23
694,2021-0079,2021-10-25,2021,10,25,PEATON,PEATON,MASCULINO,0,2021-10-25
695,2021-0080,2021-10-28,2021,10,28,CONDUCTOR,MOTO,MASCULINO,32,2021-10-28
696,2021-0081,2021-11-02,2021,11,2,CONDUCTOR,MOTO,MASCULINO,26,2021-11-02
697,2021-0082,2021-11-06,2021,11,6,CONDUCTOR,MOTO,MASCULINO,38,2021-11-06
698,2021-0083,2021-11-09,2021,11,9,CONDUCTOR,MOTO,MASCULINO,30,2021-11-09
699,2021-0084,2021-11-11,2021,11,11,CONDUCTOR,AUTO,MASCULINO,32,2021-11-11
700,2021-0097,2021-11-18,2021,11,18,CICLISTA,BICICLETA,MASCULINO,53,2021-11-19
701,2021-0085,2021-11-20,2021,11,20,CONDUCTOR,MOTO,MASCULINO,49,2021-11-20
702,2021-0086,2021-11-25,2021,11,25,PEATON,PEATON,MASCULINO,75,2021-11-25
703,2021-0087,2021-11-27,2021,11,27,PEATON,PEATON,FEMENINO,73,2021-11-27
704,2021-0088,2021-12-01,2021,12,1,CONDUCTOR,MOTO,MASCULINO,45,2021-12-07
705,2021-0089,2021-12-02,2021,12,2,CONDUCTOR,MOTO,MASCULINO,41,2021-12-11
706,2021-0090,2021-12-10,2021,12,10,PEATON,PEATON,MASCULINO,73,2022-01-03
707,2021-0091,2021-12-11,2021,12,11,CONDUCTOR,MOTO,MASCULINO,24,2021-12-11
708,2021-0092,2021-12-12,2021,12,12,PEATON,PEATON,FEMENINO,50,2021-12-12
709,2021-0093,2021-12-13,2021,12,13,PASAJERO_ACOMPAÑANTE,MOTO,FEMENINO,18,2021-12-18
710,2021-0094,2021-12-20,2021,12,20,PASAJERO_ACOMPAÑANTE,MOTO,FEMENINO,43,2021-12-20
711,2021-0095,2021-12-30,2021,12,30,CONDUCTOR,MOTO,MASCULINO,27,2022-01-02
712,2021-0096,2021-12-15,2021,12,15,CONDUCTOR,AUTO,MASCULINO,60,2021-12-20
